Name,Id
S4_ConcatedModel_5_network.h5,1MAhn4-2X3EM1Ijc9HNI6O3MZu9qkWo7R
S4_ConcatedModel_4_network.h5,1yEv5x5tWJ7gGxBQYgwb3HxDw2N0cw3ry
S4_ConcatedModel_3_network.h5,1-Hn9IQrw3gV9RwCWPUGe78kXfhCdMEQl
S4_ConcatedModel_2_network.h5,1KCnHkYgSFGo4TUMEkaLVEOUYJsWDX6bG
S4_ConcatedModel_1_network.h5,1LDiZE64jvJ2i4gse_zuTV0tOSPLOE07C
S4_VGG19_5_network.h5,1clV4azaFVldQGFu2slM96fZ1Gn64tQ1U
S4_VGG19_4_network.h5,1fQIQLpFFkROleOdlJm0i5qlwlHQvGekI
S4_VGG19_3_network.h5,1qhLq6rPw8wF2ZF2M1Lnh3ZW8JQhPqptg
S4_VGG19_2_network.h5,10K91ZlLX3FPjQmAsZBLCNOQUj3tcLOoX
S4_VGG19_1_network.h5,1deXx4_JGvHYjMbA7G2znH_DXaYreDkFe
S4_VGG16_5_network.h5,1DmK0PItv1NBpiYILAM5yQ_hTwZnRzUlD
S4_VGG16_4_network.h5,1wvfxmK2HcRhTuGh9z1GEtsDG8NbNwi29
S4_VGG16_3_network.h5,1lF1vPY4Wgy5JAPcwwVJ_DUjBzkpSFMaB
S4_VGG16_2_network.h5,1mYeN6wvkzlUPEGzIyap-KGZRvG7YStxe
S4_VGG16_1_network.h5,1rxX-TzwlcQbIw-hqduBuU6N0yBHPqZ3H
S3_ConcatedModel_5_network.h5,1M7uEl3dud1AxUYoeBG3WPjfMNaGen8od
S3_ConcatedModel_4_network.h5,1bUYRJJk4OSGbvjEY1_QQHZf6yeTJ4RO-
S3_ConcatedModel_3_network.h5,1METG8EMGohYBknq9wh6ES9O2Gff2JFjL
S3_ConcatedModel_2_network.h5,18JThaDCJiReqBIpXtCDsEIBxe9qCKxZu
S3_ConcatedModel_1_network.h5,1pLhUXcubzwF-phLaiv7_CiKDswqDnJrR
S3_VGG19_5_network.h5,1LdwfbQB5Q-4xR91B0hEfH8bBYa43UPOX
S3_VGG19_4_network.h5,11Vy7AU0WoTmZ_dj2w9_JUZIXOtudXEXc
S3_VGG19_3_network.h5,1_3Jo1dlAdL_avv8r3mY8TQIMzABtd7zL
S3_VGG19_2_network.h5,1uL3qHS3IEPokT2Sj5ASx2ERH4S7dr5sw
S3_VGG19_1_network.h5,1qBT9IkN6j1mcT1tE3FpJ0H1QdacLidUx
S3_VGG16_5_network.h5,15YpBfkPcLAK6_lX3-XmL1AbOzIT1xchR
S3_VGG16_4_network.h5,1DnWJsOQCapuC-ZPMseY4FzNq_Fi6zmZt
S3_VGG16_2_network.h5,1yG1yydEVrjcQHqtlk5xYEXTpoAFIfo2I
S3_VGG16_3_network.h5,1zHqdMGSD74Ain10X8uqwJ8AZU1tsYxdP
S3_VGG16_1_network.h5,1Y8vhJIPMUKAS-yAhZzRP0JbLnBD74NG5
S2_ConcatedModel_5_network.h5,1D3UBLgh06YZH902OdRzHloHMJOO5TwJy
S2_ConcatedModel_4_network.h5,1oDcxj3UWczz1WGGIDz_AkJAWTTHtCTnr
S2_ConcatedModel_3_network.h5,1n0rpPQ_b-V9GrsOuDlZcg0loyaBPhW-F
S2_ConcatedModel_2_network.h5,1cavY8vwwSMLAbeJd-HRepyxWo-o0GJLU
S2_ConcatedModel_1_network.h5,1q4bIcvpb7T8apFKcqMqcLOCZm9FCOfV3
S2_VGG19_5_network.h5,1Y4JlU4-lzB_ZOUdsOYI1sOhl1bL7Qn2s
S2_VGG19_4_network.h5,1cLyx44B6hV6Pi6hWLcLlpsYGxHWbovPj
S2_VGG19_3_network.h5,1GSL7vmFDCyW_FZU52yEa5jy29iYh_kHX
S2_VGG19_2_network.h5,18RZDorgRa9x7IWgRbv0K20J4CY-Iy38L
S2_VGG19_1_network.h5,1jhGN3N1yzoVRd9SjCnJ7uEeq6QR5Q-7r
S2_VGG16_5_network.h5,10P7FRRtRhBihYxkRmi3UDhoJaJpf0wFJ
S2_VGG16_4_network.h5,1sz8QCZZ2nVLByQRtkRptsai2I0cV8oRp
S2_VGG16_3_network.h5,1QjqcH6Td8pWejDuwVRJxQ49sR7QzCpxe
S2_VGG16_2_network.h5,1IUfgQ6a8BfaK2XJZ4_8hde4NYCQRMXYb
S2_VGG16_1_network.h5,1Uzs_gnqhAjkNpdxkC8_mbX1KA-DdPeFk
S1_ConcatedModel_5_network.h5,1asbWTdKHpcfiRiibW3vq2pRaqi_ZEdGy
S1_ConcatedModel_4_network.h5,1Z-4iPeqE_LKum1NhT36CbkpDmkBEvRon
S1_ConcatedModel_3_network.h5,1DDUxOZSrdix1WL9zdloGGBVMHYnc9rz7
S1_ConcatedModel_2_network.h5,1Nfz8DCU6Bxn-pq_xWomQ4eB1SHje1DIM
S1_ConcatedModel_1_network.h5,1qrRWSDlzO1Y3EZNGKdj-3aymzJyPf0Io
S1_VGG19_5_network.h5,1zwGroQOFbEHI9t4iL3k4ms2FeoFyIg-q
S1_VGG19_4_network.h5,1N5q0lC7G5B4DfaixGRvW0f1N5Z0jJB6Y
S1_VGG19_3_network.h5,1HMrkp4MS1FBX54Evd-yRxq_Y-NWjxcz7
S1_VGG19_2_network.h5,1lH5HR6lXCX5GAPf7ljJTlJGVy2Ifwm2Q
S1_VGG19_1_network.h5,1scZCEz__U5xxIMSuABFOEOS8eCClZ2Rq
S1_VGG16_5_network.h5,1E8am08I8GiGtZfnrtE-N1DgKlEAlPgyg
S1_VGG16_4_network.h5,1ZWmJ-QeLn7w8SrX-4flvbHxjGjPUI3hR
S1_VGG16_3_network.h5,1RAC5Xh4Gm8Kfth9gyd9zzRBa76Dvvtph
S1_VGG16_2_network.h5,1L1SOgCg1Ae_uaN5lvw35TUEpu5_zeWox
S1_VGG16_1_network.h5,1vaGGJ5LgS4SbDdz-8HpL3FHggxDycrMy